,code,name,link
an1,Triennale,Analisi I,https://t.me/joinchat/AWHhTU6mzZLKgcPFzB3_xA
chim,Triennale,Chimica,https://t.me/joinchat/AWHhTUT4QFfmMB-vY446-A
inf,Triennale,Informatica,https://t.me/joinchat/AWHhTUdRDzvslvrx5yH4cQ
ing,Triennale,Lingua Inglese,https://t.me/joinchat/AWHhTUUXXLMS99Tod9DXWA
geo,Triennale,Algebra Lineare e Geometria,https://t.me/joinchat/AWHhTVEOmbEG99SoodcDzA
fis1,Triennale,Fisica I,https://t.me/joinchat/AWHhTUvhTElLy-JhQhntMw
engan1,Bachelor,Mathematical Analysis I,https://t.me/joinchat/AWHhTUnnuZ2TJbZhgNn00A
engchem,Bachelor,Chemistry,https://t.me/joinchat/AWHhTVEqd6tRt5jadOljgg
engcs,Bachelor,Computer Sciences,https://t.me/joinchat/AWHhTUqw25CQq4yJ-w5WnA
engeng,Bachelor,English Language,https://t.me/joinchat/AWHhTUbWT-yZJhn-Vvve6w
enggeo,Bachelor,Linear Algebra and Geometry,https://t.me/joinchat/AWHhTVAliO04-CsleS4D8A
engph1,Bachelor,Physics I,https://t.me/joinchat/AWHhTVJ7lvXoCMS8WnqjSA
arte,Credito libero I anno,Arte e Scienza,https://t.me/joinchat/AWHhTVM69ETQXf7PfLmEZQ
aev,Credito libero I anno,Automotive Evolution,https://t.me/joinchat/AWHhTUUELgoRkgFRRfT7Pg
csi,Credito libero I anno,Chimica sperimentale per l'ingegneria,https://t.me/joinchat/AWHhTUZ-kfQ0MxyL428b_g
matcom,Credito libero I anno,Dai materiali ai componenti: storia ed analisi dei sistemi e processi produttivi,https://t.me/joinchat/AWHhTRPSVHM__lejvcuubw
dcw,Credito libero I anno,Digital and Connected World,https://t.me/joinchat/AWHhTU4efRsyoYYJlnDcyg
ecooaz,Credito libero I anno,Economia e organizzazione aziendale,https://t.me/joinchat/AWHhTRU0wEEXJ7yQeq9LxA
edt,Credito libero I anno,Etica delle Tecniche,https://t.me/joinchat/AWHhTU5FJvIyBRhzbnVQMg
eva,Credito libero I anno,Evoluzione dei veicoli aerospaziali,https://t.me/joinchat/AWHhTUe_CDkO9RUsPi0GLQ
filos,Credito libero I anno,Filosofia dell'Ingegneria,https://t.me/joinchat/AWHhTUmzQtFF0l4sTc88pw
lgcea,Credito libero I anno,"Il linguaggio grafico nell'ingegneria civile, edile ed ambientale",https://t.me/joinchat/AWHhTVNhG4mObt_sbI_CJg
impinn,Credito libero I anno,Imprenditorialità e innovazione,https://t.me/joinchat/AWHhTVldRX8BElAwrUYFWQ
suseng,Credito libero I anno,Introduction to Sustainable Engineering,https://t.me/joinchat/AWHhTVc9x91wFs8QqylVuQ
labsam,Credito libero I anno,Laboratorio di sostenibilità ambientale,https://t.me/joinchat/AWHhTRaK2x4fs1Hyfqyadw
labtess,Credito libero I anno,Laboratorio tecnologico per l'industria tessile,https://t.me/joinchat/AWHhTVbOL2pqSFF4uKVD3w
nozeco,Credito libero I anno,Nozioni di Economia,https://t.me/joinchat/AWHhTUgkDIH52w7bVgBl8A
ontp,Credito libero I anno,Ontologia della progettazione,https://t.me/joinchat/AWHhTVOGffwVxqezONKn6Q
rivdig,Credito libero I anno,Rivoluzione digitale,https://t.me/joinchat/AWHhTU_cIRANkiMAcBbuVg
senerg,Credito libero I anno,Storia dell'energia,https://t.me/joinchat/AWHhTU3lMAwQQTnL2x6MPw
stecn,Credito libero I anno,Storia della Tecnologia,https://t.me/joinchat/AWHhTUolrgyio4z_aQ_wNw
ing40,Credito libero I anno,Strumenti dell'Ingegneria per l'industria 4.0,https://t.me/joinchat/AWHhTVh43Phetm_m0qOS5g
tecncs,Credito libero I anno,Tecniche di comunicazione e di scrittura,https://t.me/joinchat/AWHhTUZsWkAhKlVWJzi_iA
tecndis,Credito libero I anno,Tecnologie per la disabilità,https://t.me/joinchat/AWHhTVSd4Lw-PVsThJPO5w
tecnsoc,Credito libero I anno,"Tecnologie, comunicazione e società",https://t.me/joinchat/AWHhTUkb7dNun7zBha_uEA
apa,Triennale,Algoritmi e Programmazione,https://t.me/joinchat/AWHhTUHJKLK1cyRS0o0NAw
elt,Triennale,Elettrotecnica,https://t.me/joinchat/AWHhTT9BpckjP7b3K6sAqA
cae,Triennale,Calcolatori Elettronici,https://t.me/joinchat/AWHhTUJuFpUgPSXH64vjSQ
profcae,Triennale (CON DOCENTE),Calcolatori Elettronici [CON REBAUDENGO],https://t.me/joinchat/E1Ginxmr2oXilC7FGsv1Ig
an2,Triennale,Analisi II,https://t.me/joinchat/AWHhTT-5K7McxP3DQK-fYg
met,Triennale,Metodi Matematici per l'Ingegneria,https://t.me/joinchat/AWHhTUB7eu6JvuMYq4yUHA
prof1met,Triennale (CON DOCENTE),Metodi Matematici [CON TRIVELLATO],https://t.me/joinchat/AWHhTR0rHP52rhrFc1xOig
fis2,Triennale,Fisica II,https://t.me/joinchat/AWHhTUI4s2xfXQIU3l2Zxw
bda,Triennale,Basi di Dati,https://t.me/joinchat/AWHhTVjeyS_wmnNJJ4B9xA
profbda,Triennale (CON DOCENTE),Basi di Dati [CON CHIUSANO],https://t.me/joinchat/QZcXDlCePnORRf87k4t2AA
oop,Triennale,Programmazione a Oggetti,https://t.me/joinchat/AWHhTRtx7GbGaq6i2DeWzA
profoop,Triennale (CON DOCENTE),Programmazione a Oggetti [CON DI CARLO],https://t.me/joinchat/HvxkxRuIIFrl1dUO9L4oQw
eapp,Triennale,Elettronica Applicata,https://t.me/joinchat/AWHhTUJ1hBlO7Hp_Js6jfw
profeapp,Triennale (CON DOCENTE),Elettronica Applicata [CON CASU],https://t.me/joinchat/Q8lFSBjYvVRmAHfvY8xcJA
sop,Triennale,Sistemi Operativi,https://t.me/joinchat/AWHhTUbE7jB_GcxF4NFddw
reti,Triennale,Reti di Calcolatori,https://t.me/joinchat/AWHhTUR4jAHmRKr6v7GWIA
tes,Triennale,Teoria ed Elaborazione dei Segnali,https://t.me/joinchat/AWHhTUPuGqA51-Nb-rfA1Q
cau,Triennale,Controlli Automatici,https://t.me/joinchat/AWHhTRTMCESlfHV41vPQpg
stm,Triennale,"Sistemi Elettronici, Tecnologie e Misure",https://t.me/joinchat/AWHhTULsNdXktBw-Uyv4gw
engalg,Bachelor,Algorithms and Programming,https://t.me/joinchat/AWHhTVDwMJ4pxI9dIzMseg
engcth,Bachelor,Circuit Theory,https://t.me/joinchat/AWHhTVJERkvk_U5yOk3cjQ
engma2,Bachelor,Mathematical Analysis II,https://t.me/joinchat/AWHhTUR8n0Ft2kcuPOjguA
engph2,Bachelor,Physics II,https://t.me/joinchat/AWHhTUYr6p0BVDJGq_2u3Q
engarc,Bachelor,Computer Architecture,https://t.me/joinchat/AWHhTUikUB_n2JGXuPDzoQ
engidb,Bachelor,Introduction to Databases,https://t.me/joinchat/AWHhTVF7uJ8TNeYHN2QjXQ
engmme,Bachelor,Mathematical Methods,https://t.me/joinchat/AWHhTULOFNTwwSn19e4wrg
engoop,Bachelor,Object Oriented Programming,https://t.me/joinchat/AWHhTUyb9a6KInVGjmrDSw
engnet,Bachelor,Computer Networks,https://t.me/joinchat/AWHhTUomL7dvYIkc504dEw
engesm,Bachelor,"Electronic Systems, Technologies and Measurements",https://t.me/joinchat/AWHhTUlTn27NMDomW5qsTw
engoss,Bachelor,Operating Systems,https://t.me/joinchat/AWHhTVKjMNIxUeZxayVGjg
engsap,Bachelor,Signal Analysis and Processing,https://t.me/joinchat/AWHhTVGAuGczd2_rU5SeXg
engael,Bachelor,Applied Electronics,https://t.me/joinchat/AWHhTUXy03bDpYF1BD-tXg
engctr,Bachelor,Automatic Control,https://t.me/joinchat/AWHhTUu7Varpomdm9SaXXg
ond,Credito libero III anno,"Onde coerenti: laser, olografia, teletrasporto",https://t.me/joinchat/AWHhTUYqi5c5cOo-G0J5wg
amb,Credito libero III anno,Ambient Intelligence,https://t.me/joinchat/AWHhTUTOaRFsM22WgTV8wg
cnum,Credito libero III anno,Calcolo numerico: metodi e software,https://t.me/joinchat/AWHhTRPlmNT5d3iYC8ucuA
energps,Credito libero III anno,"Energia, progresso e sostenibilità",https://t.me/joinchat/AWHhTQ9VF1nAjBA9NTtmpA
gqual,Credito libero III anno,Gestione industriale della qualità,https://t.me/joinchat/AWHhTVGOsYtnXJV-FefuKA
intum,Credito libero III anno,Interazione uomo macchina,https://t.me/joinchat/AWHhTRlYYN5k34bW1lQ9Fw
reimp,Credito libero III anno,Processi di re-impiego e valorizzazione energetica,https://t.me/joinchat/AWHhTRPfIOmizSama6Qhjw
sctst,Credito libero III anno,Science and technology studies,https://t.me/joinchat/AWHhTRDAoxpeLZjDSOvEEw
anatogg,Credito libero III anno,Storia delle cose. Anatomia e antropologia degli oggetti,https://t.me/joinchat/AWHhTRSRH_5m9M1HFjVmGw
tasp,Credito libero III anno,Tecnologie ambientali dei siti produttivi,https://t.me/joinchat/AWHhTU4obKDW14_vCfv3qQ
setmel,Credito libero III anno,Storia ed estetica delle tecnologie e della musica elettroacustica,https://t.me/joinchat/AWHhTRJgcrzle-_nCNG86w
affsma,Credito libero III anno,"Affidabilità, sicurezza e manutenzione per l'azienda",https://t.me/joinchat/AWHhTRbm-51VxNEmPMYpFQ
appspl,Credito libero III anno,Applied signal processing laboratory,https://t.me/joinchat/AWHhTRdlL3a_mhrpM1aYMg
cambc,Credito libero III anno,Cambiamenti climatici e socio economici,https://t.me/joinchat/AWHhTReuEWEJ4CmwYKMELg
compeco,Credito libero III anno,Company Economics,https://t.me/joinchat/AWHhTReyR6ooKQsk87ed5g
ceisis,Credito libero III anno,Compatibilità elettromagnetica nell'integrazione dei sistemi,https://t.me/joinchat/AWHhTROvIWJC70vUSmLh-g
csmecc,Credito libero III anno,Controllo dei sistemi meccanici,https://t.me/joinchat/AWHhTQ_pGjyVe8uXPx1ojA
dclab,Credito libero III anno,Digital communication laboratory,https://t.me/joinchat/AWHhTRUxVS4f-vaIgH9DRg
drtarch,Credito libero III anno,Droni per il rilievo territoriale e architettonico,https://t.me/joinchat/AWHhTRd2L82YfcwOYm3lnw
efnucl,Credito libero III anno,Elementi di fisica nucleare,https://t.me/joinchat/AWHhTQvUHrNW44dYaZfrlg
gfeeel,Credito libero III anno,Generazione fotovoltaica ed eolica di energia elettrica,https://t.me/joinchat/AWHhTRPoXEq0rD_-ImhPRg
ipautov,Credito libero III anno,Impostazione progettuale dell'autoveicolo,https://t.me/joinchat/AWHhTRM4FhZdVq_OR8jxcg
inc,Credito libero III anno,Inclusive design nelle scienze dell'architettura e dell'ingegneria,https://t.me/joinchat/AWHhTUa2xfmacioxpDldlw
iicquan,Credito libero III anno,Introduzione all'informazione e calcolo quantistico,https://t.me/joinchat/AWHhTRNXj5voQmstPK5dXg
nan,Credito libero III anno,Introduzione alle Nanotecnologie,https://t.me/joinchat/AWHhTUvhWxnK_2Ye5biB9A
lic,Credito libero III anno,Laboratorio di Internet,https://t.me/joinchat/AWHhTUpJkSAIU4J9F8XZxw
matapp,Credito libero III anno,Matematica Applicata,https://t.me/joinchat/AWHhTUvnZmcmQ1SUROGIkA
ovnet,Credito libero III anno,Open and virtualized networks,https://t.me/joinchat/AWHhTReA0ZSZAxTXle_zFg
ott,Credito libero III anno,Ottimizzazione per il Problem Solving,https://t.me/joinchat/AWHhTUolQqSeV1j3aa68dw
rsc,Credito libero III anno,Reti e sistemi complessi: fenomeni fisici e interazioni sociali,https://t.me/joinchat/AWHhTVJfjtojK4WDyguZ1A
spetras,Credito libero III anno,Sistemi di propulsione elettrica per i trasporti,https://t.me/joinchat/AWHhTRZUbJeZMjudyu0i-Q
sptenerg,Credito libero III anno,Sperimentazione e progettazione di tecnologie energetiche,https://t.me/joinchat/AWHhTRYuCQyt58fhhKmJ5Q
trdigit,Credito libero III anno,Tecniche della rappresentazione digitale,https://t.me/joinchat/AWHhTROc4rSPhMnTwkQyow
tecniot,Credito libero III anno,Tecnologie per IoT,https://t.me/joinchat/AWHhTROlFqN-mFmvd1T_VA
viq,Credito libero III anno,Visualizzazione dell'Informazione Quantitativa,https://t.me/joinchat/AWHhTVL6TpOahoaaOzZqPA
ase,LM/MS,Architetture dei Sistemi di Elaborazione,https://t.me/joinchat/AWHhTURjlmJtym28N5-Xdg
engase,LM/MS,Computer Architectures,https://t.me/joinchat/AWHhTUwRURWrEi3U_AHFzg
dms,LM/MS,Data Science e Tecnologie per le Basi di Dati - Data Science and Database Technology,https://t.me/joinchat/AWHhTUPmlkktsRLspHIajQ
tsr,LM/MS,Tecnologie e Servizi di Rete - Computer Network Technologies and Services,https://t.me/joinchat/AWHhTUMRFDxRXUd9aDxiEA
se2,LM/MS,Software Engineering II,https://t.me/joinchat/AWHhTUy1UVuIM0WvbHNrwg
mod,LM/MS,Modelli e Sistemi a Eventi Discreti,https://t.me/joinchat/AWHhTUPsL97M_jiHYd0STw
copt,LM/MS,Convex Optimization and Engineering Applications,https://t.me/joinchat/AWHhTUIrWgel-TVv_PLpCQ
swe,LM/MS,Ingegneria del Software,https://t.me/joinchat/AWHhTUO1VW55STtbxJjhOg
engswe,LM/MS,Software Engineering,https://t.me/joinchat/AWHhTU5UGylaowfjrDR7Qg
nlc,LM/MS,Nonlinear Control and Aerospace Applications,https://t.me/joinchat/AWHhTUPY8S9tBziww4wtOA
pst,LM/MS,Programmazione di Sistema,https://t.me/joinchat/AWHhTUKL2mCl5jbzv6m-9A
engpst,LM/MS,System and Device Programming,https://t.me/joinchat/AWHhTRdEQQ7Ab0UUhkGfiA
acs,LM/MS,Automotive Control Systems,https://t.me/joinchat/AWHhTUM7AuGPdEusrqZXPQ
rob,LM/MS,Robotica,https://t.me/joinchat/AWHhTUQGYLLtGbFyHbiwUw
est,LM/MS,"Estimation, Filtering, and System Identification",https://t.me/joinchat/AWHhTUPAZsgy5zWp2muYVQ
dct,LM/MS,Digital Control Technologies and Architectures,https://t.me/joinchat/AWHhTULlHt9qHHB_Huqrxg
mdcs,LM/MS,Modern Design of Control Systems,https://t.me/joinchat/AWHhTUNB66VWgpa5TaF6vA
saa,LM/MS,Software Architecture for Automation,https://t.me/joinchat/AWHhTUNj9WxrHk3i0UXCuQ
isys,LM/MS,Information Systems,https://t.me/joinchat/AWHhTUPpBahPxrx96A5jVw
bigd,LM/MS,Big Data: Architectures and Data Analytics,https://t.me/joinchat/AWHhTUNOnQtHQ7rlJ06_4Q
dp1,LM/MS,Programmazione Distribuita I - Distributed Programming I,https://t.me/joinchat/AWHhTULzH38ajg0eNfSzXw
sic,LM/MS,Sicurezza dei Sistemi Informatici - Computer System Security,https://t.me/joinchat/AWHhTUHfOzeAkz6GPTbtFg
dp2,LM/MS,Distributed Programming II,https://t.me/joinchat/AWHhTUNK_dPE9hLdEu5iug
iar,LM/MS,Machine Learning and Artificial Intelligence,https://t.me/joinchat/AWHhTUN4agvAKqKxYD4vYg
app,LM/MS,Applicazioni Internet,https://t.me/joinchat/AWHhTUJzjk7lwmKicR4VVw
swd,LM/MS,Interdisciplinary Software Design Project,https://t.me/joinchat/AWHhTUK9dab5w8ku2coNJQ
mad,LM/MS,Mobile Application Development,https://t.me/joinchat/AWHhTUEP8iZkh8qSIFPwDw
ees,LM/MS,Electronics for Embedded Systems,https://t.me/joinchat/AWHhTUSA4kJGduDxGvO4mA
ose,LM/MS,Operating Systems for Embedded Systems,https://t.me/joinchat/AWHhTUMWVK5vxlWmMzK3qw
spec,LM/MS,Specification and Simulation of Digital Systems,https://t.me/joinchat/AWHhTUBs2uiFyjAKKwlO-w
mic,LM/MS,Microelectronic Systems,https://t.me/joinchat/AWHhTUHR0ZMb4RxkjEfMbg
profmic,LM/MS,Microelectronic Systems [WITH GRAZIANO],https://t.me/joinchat/CqWp70oDti5Ry45okV_ERQ
sods,LM/MS,Synthesis and Optimization of Digital Systems,https://t.me/joinchat/AWHhTUJPnnysL0eom3bg_w
ems,LM/MS,Energy Management in Mobile Systems,https://t.me/joinchat/AWHhTUOHZylVODidDyDsuw
mes,LM/MS,Modeling and Optimization of Embedded Systems,https://t.me/joinchat/AWHhTUMrdehPllojG8NQAg
soc,LM/MS,System-on-Chip Architecture,https://t.me/joinchat/AWHhTUPjFmVO4dqlwSEkkg
tft,LM/MS,Testing and Fault Tolerance,https://t.me/joinchat/AWHhTURP9dfgrqE7sqhtVQ
sdp,LM/MS,System Design Project,https://t.me/joinchat/AWHhTUFbpvxdNlu591sVtA
imul,LM/MS,Elaborazione e Trasmissione di Informazioni Multimediali,https://t.me/joinchat/AWHhTUO9HK_nHAHu1NhL7g
infg,LM/MS,Informatica Grafica,https://t.me/joinchat/AWHhTUPaE0qNNIQ8MkSn9Q
can,LM/MS,Computer Animation,https://t.me/joinchat/AWHhTUL8DASxOxprIwia-g
msp,LM/MS,Multimedia Signal Processing,https://t.me/joinchat/AWHhTT75pIzWU40CPRdJLg
dsp,LM/MS,Data Spaces,https://t.me/joinchat/AWHhTUKeSQtINjM0kRWl3A
oma,LM/MS,Optimization Methods and Algorithms,https://t.me/joinchat/AWHhTUJDrXyZuLEkMbOObg
cvis,LM/MS,Computer Vision,https://t.me/joinchat/AWHhTUNOjVJHbflhclotvA
ead,LM/MS,Elaborazione dell'Audio Digitale,https://t.me/joinchat/AWHhTUQmRF6yj6j-q3rk0w
rvir,LM/MS,Realtà virtuale,https://t.me/joinchat/AWHhTUJJ6SFubg293WILtg
prl,LM/MS,Reti Locali e Data Center,https://t.me/joinchat/AWHhTUQ1ZNFnMQFUdjw0iw
snet,LM/MS,Software Networking,https://t.me/joinchat/AWHhTUTHN0YhtD4gRz446w
par,LM/MS,Protocolli e Architetture di Routing,https://t.me/joinchat/AWHhTUJh9tnsPnbHsgT4GQ
lan,LM/MS,Formal Languages and Compilers,https://t.me/joinchat/AWHhTUGmiW33edzRNs-HdA
lat,Credito libero III anno,Sicurezza e legislazione dell'ambiente e del territorio,https://t.me/joinchat/AWHhTVJ5F_6c8Bvy9GcxsQ
tirocinio,Altro,Tirocinio (Triennale),https://t.me/joinchat/ArB62At04ai_qE0UWvXbxQ
thesis,LM/MS,TESI/THESIS,https://t.me/joinchat/AWHhTVeDgYGcDEnhHFWA7g
infmed,LM/MS,Informatica Medica,https://t.me/joinchat/AWHhTRd4bNXIBIuQgO2OYw
plpnet,LM/MS,Projects and laboratory on photonic networks,https://t.me/joinchat/AWHhTRRepzMBVIh_VMjfLw
adsic,LM/MS,Advanced design for signal integrity and compliance,https://t.me/joinchat/AWHhTRUzFEorh5UJwKmglg
appsys,LM/MS,Automation and planning of production systems,https://t.me/joinchat/AWHhTRfTE0hazAdGdoJNJA
bioinf,LM/MS,Bioinformatics,https://t.me/joinchat/AWHhTRBPoLYQKtg-MzBsWQ
efbtema,LM/MS,Electromagnetic fields and biological tissues: effects and medical applications,https://t.me/joinchat/AWHhTRIelzhlHj78DcP70w
iwpiot,LM/MS,Innovative wireless platforms for the internet of things,https://t.me/joinchat/AWHhTRXBhjNSvr70se-TAg
mbsd,LM/MS,Model-based software design,https://t.me/joinchat/AWHhTRV00sx70YHEawUDFA
plcsys,LM/MS,Projects and laboratory on communication systems,https://t.me/joinchat/AWHhTRPQKELlPGnAW65ROQ
tecav,LM/MS,Technologies for Autonomous Vehicles,https://t.me/joinchat/AWHhTQrVUrhIMFe0k3qOBA
tecnds,LM/MS,Tecnologie Digitali e Società,https://t.me/joinchat/AWHhTVTT7VsOg5KPeHY1aQ
sisrob,LM/MS,Sistemi Robotici,https://t.me/joinchat/AWHhTRP5u_lH0bV1ZDHBLQ
modccs,LM/MS,Modeling and Control of Cyberphysical Systems,https://t.me/joinchat/AWHhTRDc9ZdcmzcCp1k7CQ
ipcv,LM/MS,Image Processing and Computer Vision,https://t.me/joinchat/AWHhTRHhjQmeU_8JUN1iew
cybsec,LM/MS,Cybersecurity,https://t.me/joinchat/AWHhTRUr-F3ZBqOADqXvhQ
progsm,LM/MS,Progettazione di Software Medicali,https://t.me/joinchat/AWHhTRboQaB6cxJmMEaaIg
pmaint,LM/MS,Processi musicali automatici e interattivi,https://t.me/joinchat/AWHhTRcJC7ra-EMC0ydDIA
ssidsg,LM/MS,Sound and sonic interaction design,https://t.me/joinchat/AWHhTRUUNgH98R8rnACoHQ
tsadig,LM/MS,Teoria e tecnica del segnale audio digitale,https://t.me/joinchat/AWHhTRXZftaUxlsMOLMP9Q
empath,LM/MS,Engineering Empathy,https://t.me/joinchat/AWHhTRPxvcGNtHTwkGvPGQ
sg3dab,LM/MS,Soluzioni di grafica 3D in applicazioni biometriche,https://t.me/joinchat/AWHhTRWtyfglqNOlo6FAWw
infsec,LM/MS,Information systems security,https://t.me/joinchat/AWHhTRIziKFIomE6FoIR5Q
wapp1,LM/MS,Applicazioni Web I - Web Applications I,https://t.me/joinchat/AWHhTRPqKa02yGZUb2K7Mw
dsprog,LM/MS,Distributed Systems Programming,https://t.me/joinchat/AWHhTRQ7WnKIH1r5oq3FkQ
emiot,LM/MS,Energy management for IoT,https://t.me/joinchat/AWHhTRemEVBw6Ueu5XiJYQ
hcint,LM/MS,Human Computer Interaction,https://t.me/joinchat/AWHhTUX0hDr-lh0jv2ykng
secvt,LM/MS,Security verification and testing,https://t.me/joinchat/AWHhTRXnaM1i5GpJDqGd7w
crypto,LM/MS,Cryptography,https://t.me/joinchat/AWHhTRQ5b58p1qm_FhV4NQ
cloudc,LM/MS,Cloud Computing,https://t.me/joinchat/AWHhTRLMWJ2qo9-z0KF61w
iotapp,LM/MS,Programming for IoT applications,https://t.me/joinchat/AWHhTQ2Adba0FmmueIjV5Q
wapp2,LM/MS,Web Applications II,https://t.me/joinchat/AWHhTRQm70_vec77eG7brQ
eseng,LM/MS,Electronic Systems Engineering,https://t.me/joinchat/AWHhTRRNFtMkwEDRAF9H1w
csembs,LM/MS,Cybersecurity for Embedded Systems,https://t.me/joinchat/AWHhTRSXhsDwzu0H_WyHoQ
dmvis,LM/MS,Data management and visualization,https://t.me/joinchat/AWHhTRPCJ3zCcKBtSjUc1g
dslpm,LM/MS,Data science lab: process and methods,https://t.me/joinchat/AWHhTRaVKJXsnxdVBEyh8Q
clalsp,LM/MS,Computational linear algebra for large scale problems,https://t.me/joinchat/AWHhTRfLBLVQxJ36wt6nsQ
smetds,LM/MS,Statistical methods in data science,https://t.me/joinchat/AWHhTRdhSjxZSckZ-rh6Eg
dmopt,LM/MS,Decision making and optimization,https://t.me/joinchat/AWHhTRckKlUqJZncKJTLcw
ithapp,LM/MS,Information Theory and Applications,https://t.me/joinchat/AWHhTREU9JA-D3jTswYV4w
nolsps,LM/MS,Numerical optimization for large scale problems and Stochastic Optimization,https://t.me/joinchat/AWHhTRMZ1zhJ8sFasFl2hA
mladl,LM/MS,Machine learning and Deep learning,https://t.me/joinchat/AWHhTRXXg_7or4MWUSgp3g
dabdpa,LM/MS,Distributed architectures for big data processing and analytics,https://t.me/joinchat/AWHhTRef_T8z5ACgMptBbg
mathml,LM/MS,Mathematics in Machine Learning,https://t.me/joinchat/AWHhTRTfr4z5MfQzZyW7bQ
deprot,LM/MS,Data Ethics and Protection,https://t.me/joinchat/AWHhTRWPbmd0tKoXqjQSUg
innman,LM/MS,Innovation management,https://t.me/joinchat/AWHhTRcUwRQltKvSu7UOhA
caspev,LM/MS,Computer aided simulations and performance evaluation,https://t.me/joinchat/AWHhTRanJFRWab5Oh4Dejg
dynng,LM/MS,Dynamics on networks and graphs,https://t.me/joinchat/AWHhTRNVBP4J2VDPhTKdfA
stpts,LM/MS,Stochastic processes and time series,https://t.me/joinchat/AWHhTRPT2W5P946PiR4Shw
biodse,LM/MS,Bioinformatics,https://t.me/joinchat/AWHhTRNgSyj5z2LpZFdZpQ
mlfiot,LM/MS,Machine learning for IOT,https://t.me/joinchat/AWHhTQsA2Qm3yfU4mH4r9A
appdsp,LM/MS,Applied data science project,https://t.me/joinchat/AWHhTRPQiwxQnJs1XFmdDw
elecm,LM/MS,Electrical machines,https://t.me/joinchat/AWHhTR0-LMCEJC5B1FZ-Pw
ammd,LM/MS,Applied mechanics and machine design,https://t.me/joinchat/AWHhTRwHh0nyYtuAVL_lgQ
efapp,LM/MS,Electronics Fundamentals and Applications,https://t.me/joinchat/AWHhTRgNgosGPfKEsFtqsw
msmsys,LM/MS,Modelling and simulation of mechatronic systems,https://t.me/joinchat/AWHhTRvgTFMtW-3b0wvoIQ
esmech,LM/MS,Electronic systems for mechatronics,https://t.me/joinchat/AWHhTRcjEujbdRm6cXaAFw
fluid,LM/MS,Fluid Automation,https://t.me/joinchat/AWHhTRb5dmSWIE2iacVm6g
robotics,LM/MS,Robotics,https://t.me/joinchat/AWHhTRBO0kMz-Tm95AonIQ
ddmach,LM/MS,Dynamic design of machines,https://t.me/joinchat/AWHhTVa3MP4aGG_05cxFIQ
powerel,LM/MS,Power electronics,https://t.me/joinchat/AWHhTRuZaeRqnhvLwro6Ug
labric,LM/MS,Laboratory of robust identification and control,https://t.me/joinchat/AWHhTR11bYz-Jw0nUblb8w
mechchallenge,LM/MS,Challenge,https://t.me/joinchat/AWHhTRmBRTRRJXewPSKwhw
iplabs,LM/MS,IPLabs,https://t.me/joinchat/AWHhTRyAvALtx8gRnOwkhQ
vodiot,LM/MS,Vodafone IoT Academy,https://t.me/joinchat/AWHhTRuZ2KGRcLT8M5QNCQ
adved,LM/MS,Advanced electronic drives,https://t.me/joinchat/AWHhTR1X-8K0yG1cbebxIQ
ntmechs,LM/MS,Network technologies for mechatronics systems,https://t.me/joinchat/AWHhTRhMCBGffSc8qUXJUQ
addman,LM/MS,Additive Manufacturing Systems and materials,https://t.me/joinchat/AWHhTRFJjLW9FFnAEzbjjA
mechac,LM/MS,Automatic Control,https://t.me/joinchat/AWHhTRxTcrG2OlEQ0kbgvg
etemob,LM/MS,Electrical Technologies for eMobility,https://t.me/joinchat/AWHhTRiabXRMXPw1DB6z4g
optml,LM/MS,Optimization for Machine Learning,https://t.me/joinchat/AWHhTRm5-6w47CqCOrWcaA
essacq,LM/MS,Electronic Systems for Sensor Acquisition,https://t.me/joinchat/AWHhTRugX8NUqqfRT49uYA
inphot,LM/MS,Industrial Photonics,https://t.me/joinchat/AWHhTRqEs-o4nrto8oqFZQ
ntcveh,LM/MS,Networking technologies for connected vehicles,https://t.me/joinchat/AWHhTR2EQG0unArPXsekXA
eesaiml,LM/MS,Embedded Electronic Systems for AI/ML,https://t.me/joinchat/AWHhTRnknUpLs2ifB1q5Jg
edemob,LM/MS,Electrical Drives for eMobility,https://t.me/joinchat/AWHhTRlmnm92cWUasvv-FQ
mobsn,LM/MS,Mobile and sensor networks,https://t.me/joinchat/AWHhTRh0ix4R4B8Y_MguIw
cliberil1,,Crediti liberi,
cliberil3,,Crediti liberi,
cliberilm,,Crediti liberi,
